first_name,last_name,email
Jason,Moiron,jmoiron@jmoiron.net
John,Doe,johndoeDNE@gmail.net
Jane,Citizen,jane.citzen@example.com
Bin,Smuth,bensmith@allblacks.nz
Ardie,Savea,asavea@ab.co.nz
Sonny Bill,Williams,sbw@ab.co.nz
Ngani,Laumape,nlaumape@ab.co.nz
Ardie,Savea,asavea@ab.co.nz
Sonny Bill,Williams,sbw@ab.co.nz
Ngani,Laumape,nlaumape@ab.co.nz
